link,first name,middle name,surname,dob,birthplace
https://example.com/1,John,Michael,Doe,1990-02-15,"New York, USA"
https://example.com/1,Emma,Grace,Smith,1985-11-22,"London, UK"
https://example.com/1,Carlos,Alberto,Perez,1992-06-03,"Madrid, Spain"
https://example.com/2,Lily,Rose,Williams,1991-08-12,"Los Angeles, USA"
https://example.com/2,David,John,Adams,1987-04-18,"Toronto, Canada"
https://example.com/2,Sophia,Marie,Johnson,1993-12-09,"Sydney, Australia"
https://example.com/3,Lucas,Scott,Brown,1988-01-27,"Chicago, USA"
https://example.com/3,Olivia,Jane,Green,1990-07-14,"Paris, France"
https://example.com/3,Miguel,Angel,Rivera,1991-10-21,"Mexico City, Mexico"
https://example.com/4,Alexander,Robert,Clark,1986-03-06,"San Francisco, USA"
https://example.com/4,Charlotte,Isabelle,Evans,1994-09-17,"London, UK"
https://example.com/4,Juan,Pablo,Garcia,1990-05-24,"Buenos Aires, Argentina"
https://example.com/5,Emily,Grace,Hall,1992-11-30,"Vancouver, Canada"
https://example.com/5,Thomas,William,Davis,1989-02-08,"Houston, USA"
https://example.com/5,Isabella,Rose,Martinez,1995-07-11,"Barcelona, Spain"
https://example.com/6,Benjamin,Edward,Wilson,1984-10-10,"Boston, USA"
https://example.com/6,Chloe,Marie,Taylor,1992-05-01,"Dublin, Ireland"
https://example.com/6,Raul,Emilio,Fernandez,1991-03-17,"Madrid, Spain"
https://example.com/7,Zoe,Victoria,Harris,1994-06-22,"Atlanta, USA"
https://example.com/7,Daniel,Robert,Nelson,1988-02-25,"Manchester, UK"
https://example.com/7,Sofia,Teresa,Castro,1993-12-05,"Lisbon, Portugal"
https://example.com/8,William,James,Turner,1990-04-09,"New York, USA"
https://example.com/8,Grace,Ann,Parker,1993-10-14,"Melbourne, Australia"
https://example.com/8,Antonio,Carlos,Lima,1987-09-28,"Sao Paulo, Brazil"
https://example.com/9,Charlotte,Elizabeth,King,1995-01-23,"London, UK"
https://example.com/9,Lucas,Daniel,White,1991-11-16,"Los Angeles, USA"
https://example.com/9,Adriana,Lucia,Gomez,1992-05-05,"Bogotá, Colombia"
https://example.com/10,Ethan,Michael,Scott,1986-02-20,"Seattle, USA"
https://example.com/10,Mia,Nicole,Clark,1994-03-08,"Houston, USA"
https://example.com/10,Diego,Alejandro,Morales,1990-12-12,"Mexico City, Mexico"
https://example.com/11,Ella,Grace,Anderson,1993-07-23,"Paris, France"
https://example.com/11,Jack,Thomas,Robinson,1985-05-17,"Toronto, Canada"
https://example.com/11,Carla,Sofia,Hernandez,1991-09-14,"Madrid, Spain"
https://example.com/12,Liam,Samuel,Mitchell,1992-03-18,"Chicago, USA"
https://example.com/12,Amelia,Lily,Green,1991-01-29,"Bristol, UK"
https://example.com/12,Juan,Carlos,Herrera,1988-08-23,"Buenos Aires, Argentina"
https://example.com/13,Mason,Alexander,Lee,1994-09-04,"San Diego, USA"
https://example.com/13,Emily,Rose,Moore,1990-12-19,"Vancouver, Canada"
https://example.com/13,Santiago,Javier,Ruiz,1992-11-02,"Santiago, Chile"
https://example.com/14,Oliver,Lucas,Harris,1987-06-10,"Dallas, USA"
https://example.com/14,Sophia,Lily,Evans,1991-04-05,"London, UK"
https://example.com/14,Miguel,Enrique,Castillo,1990-03-13,"Caracas, Venezuela"
https://example.com/15,Maya,Grace,Adams,1995-10-30,"New York, USA"
https://example.com/15,Aiden,Robert,Johnson,1992-02-28,"Los Angeles, USA"
https://example.com/15,Carlos,Rafael,Perez,1994-01-25,"Barcelona, Spain"
https://example.com/16,Evelyn,Kate,Clark,1990-07-01,"San Francisco, USA"
https://example.com/16,Oliver,Nathaniel,King,1993-04-12,"Toronto, Canada"
https://example.com/16,Ana,Sofia,Silva,1992-09-16,"Lisbon, Portugal"
https://example.com/17,Mackenzie,Brooke,Moore,1991-06-09,"Houston, USA"
https://example.com/17,Charlie,Matthew,White,1988-08-20,"London, UK"
https://example.com/17,Eduardo,Pablo,Martinez,1993-02-18,"Mexico City, Mexico"
https://example.com/18,Landon,Oliver,Harris,1989-01-30,"Atlanta, USA"
https://example.com/18,Chloe,Mae,Williams,1994-11-09,"Melbourne, Australia"
https://example.com/18,Giovanni,Antonio,Ricci,1991-05-22,"Rome, Italy"
https://example.com/19,Grace,Olivia,Young,1994-12-01,"New York, USA"
https://example.com/19,Henry,Samuel,Baker,1990-06-25,"Los Angeles, USA"
https://example.com/19,Isabella,Alexandra,Costa,1992-07-30,"Rio de Janeiro, Brazil"
https://example.com/20,Ava,Isabelle,Turner,1993-02-10,"Seattle, USA"
https://example.com/20,Maya,Grace,Adams,1995-10-30,"New York, USA"
https://example.com/20,Diego,Alejandro,Morales,1990-12-12,"Mexico City, Mexico"
